,BOOK NAME,AUTHOR,PAGES
0,The Alice Network: A Novel,Kate Quinn,586
1,News of the World: A Novel,Paulette Jiles,258
2,The Huntress: A Novel,Kate Quinn,685
3,The Lighthouse Keeper's Daughter: A Novel,Hazel Gaynor,396
4,Farewell to Arms: The Hemingway Library Edition,Ernest Hemingway,461
5,The City of Brass: A Novel,S. A. Chakraborty,680
6,Flesh and Blood,Patricia Cornwell,460
7,The Orchardist: A Novel,Amanda Coplin,520
8,Ghost Ship: A Sigma Force Short Story,James Rollins,71
9,The Monster,Stephen Crane,82
10,Serpent: A Novel from the NUMA files,Clive Cussler,582
11,Pirate Latitudes: A Novel,Michael Crichton,355
12,The Way Station,Paul Lederer,124
13,The Sisters Brothers,Patrick deWitt,332
14,The Kingdom of Copper: A Novel,S. A. Chakraborty,765
15,The Girl Who Saved the King of Sweden: A Novel,Jonas Jonasson,459
16,Last Light,Terri Blackstock,463
17,"Fall; or, Dodge in Hell: A Novel",Neal Stephenson,1132
18,The Baker's Secret: A Novel,Stephen P. Kiernan,346
19,The Prisoner of Heaven: A Novel,Carlos Ruiz Zafón,350
20,Simon the Fiddler: A Novel,Paulette Jiles,398
21,Fallout,James W. Huston,454
22,Amazonia,James Rollins,567
23,Blind Your Ponies: A Novel,Stanley Gordon West,723
24,Subterranean,James Rollins,519
25,The Distant Dead: A Novel,Heather Young,411
26,Task Force Baum,James D. Shipman,367
27,The Labyrinth of the Spirits,Carlos Ruiz Zafón,1038
28,The Kindly Ones: A Novel,Jonathan Littell,1309
29,Crash and Burn: A Sigma Force Short Story,James Rollins,71
30,Open Book,Jessica Simpson,417
31,Flow: The Psychology of Optimal Experience,Mihaly Csikszentmihalyi,516
32,Oil and Marble: A Novel of Leonardo and Michelangelo,Stephanie Storey,418
33,"Stoned: Jewelry, Obsession, and How Desire Shapes the World",Aja Raden,740
34,"Story: Style, Structure, Substance, and the Principles of Screenwriting",Robert McKee,601
35,The Dirt: Confessions of the World's Most Notorious Rock Band,Tommy Lee,659
36,John Wayne: The Life and Legend,Scott Eyman,1114
37,"Raphael, Painter in Rome: A Novel",Stephanie Storey,387
38,Andy and Don: The Making of a Friendship and a Classic American,Daniel de Vise,480
39,"Ladies Who Punch: The Explosive Inside Story of ""The View""",Ramin Setoodeh,408
40,As You Wish: Inconceivable Tales from the Making of The Princess Bride,Cary Elwes,334
41,Fleabag: The Original Play (NHB Modern Plays),Phoebe Waller-Bridge,60
42,"Thinking with Type: A Critical Guide for Designers, Writers, Editors, & Students",Ellen Lupton,225
43,The Power of Protest: A Visual History of the 50 Biggest Social Justice Movements That Changed the World (A Great Gift for History Buffs),Brenda Griffing,147
44,"Can I Say: Living Large, Cheating Death, and Drums, Drums, Drums",Travis Barker,573
45,Sweat (TCG Edition),Lynn Nottage,133
46,Dear Evan Hansen (TCG Edition),Steven  Levenson,193
47,Picture This: How Pictures Work,Molly Bang,110
48,The Way I Heard It,Mike Rowe,293
